[
  {
    "claim_id": "1000050",
    "response_id": null,
    "status": "pre-submission",
    "outcome": "pending",
    "denied": false,
    "denial_reasons": [],
    "has_prior_auth": false,
    "has_cob": false,
    "hcpcs_code": "G0438",
    "cpt_code": "36569",
    "procedure_codes": [
      "0002M",
      "80048"
    ],
    "modifiers": "0",
    "diagnosis_codes": [
      "W2900",
      "W9114"
    ],
    "total_amount": 466.18,
    "raw_claim": {
      "resourceType": "Claim",
      "id": "1000050",
      "meta": {
        "versionId": "1",
        "lastUpdated": "2023-05-19T12:21:46.000+00:00",
        "source": "https://bluebutton.cms.gov/assets/ig/StructureDefinition-bluebutton-dme-claim.html"
      },
      "status": "draft",
      "type": {
        "coding": [
          {
            "system": "http://terminology.hl7.org/CodeSystem/claim-type",
            "code": "professional"
          }
        ]
      },
      "use": "claim",
      "patient": {
        "reference": "Patient/PT200050"
      },
      "created": "2022-05-05",
      "provider": {
        "reference": "Organization/PROV9064"
      },
      "priority": {
        "coding": [
          {
            "code": "normal"
          }
        ]
      },
      "diagnosis": [
        {
          "sequence": 1,
          "diagnosisCodeableConcept": {
            "coding": [
              {
                "system": "http://hl7.org/fhir/sid/icd-10",
                "code": "W2900"
              }
            ]
          }
        },
        {
          "sequence": 2,
          "diagnosisCodeableConcept": {
            "coding": [
              {
                "system": "http://hl7.org/fhir/sid/icd-10",
                "code": "W9114"
              }
            ]
          }
        }
      ],
      "item": [
        {
          "sequence": 1,
          "productOrService": {
            "coding": [
              {
                "system": "http://www.ama-assn.org/go/cpt",
                "code": "0002M"
              }
            ]
          },
          "modifier": [
            {
              "coding": [
                {
                  "system": "http://www.ama-assn.org/go/cpt",
                  "code": "0"
                }
              ]
            }
          ],
          "dateOfService": "2022-05-05",
          "unitPrice": {
            "value": 233.09,
            "currency": "USD"
          }
        },
        {
          "sequence": 2,
          "productOrService": {
            "coding": [
              {
                "system": "http://www.ama-assn.org/go/cpt",
                "code": "80048"
              }
            ]
          },
          "modifier": [
            {
              "coding": [
                {
                  "system": "http://www.ama-assn.org/go/cpt",
                  "code": "0"
                }
              ]
            }
          ],
          "dateOfService": "2022-05-05",
          "unitPrice": {
            "value": 233.09,
            "currency": "USD"
          }
        }
      ],
      "total": {
        "value": 466.18,
        "currency": "USD"
      }
    },
    "ncci_rule_info": {
      "modifier_indicator": "0"
    }
  },
  {
    "claim_id": "1000051",
    "response_id": null,
    "status": "submitted",
    "outcome": "processed",
    "denied": false,
    "denial_reasons": [],
    "has_prior_auth": true,
    "has_cob": false,
    "hcpcs_code": "G0439",
    "cpt_code": "36415",
    "procedure_codes": [
      "36415",
      "80050"
    ],
    "modifiers": "RT",
    "diagnosis_codes": [
      "I10",
      "E11.9"
    ],
    "total_amount": 150.00,
    "raw_claim": {
      "resourceType": "Claim",
      "id": "1000051",
      "meta": {
        "versionId": "2",
        "lastUpdated": "2023-06-20T08:15:30.000+00:00",
        "source": "https://example.org/fhir/Claim"
      },
      "status": "active",
      "type": {
        "coding": [
          {
            "system": "http://terminology.hl7.org/CodeSystem/claim-type",
            "code": "professional"
          }
        ]
      },
      "use": "claim",
      "patient": {
        "reference": "Patient/PT200051"
      },
      "created": "2023-06-19",
      "provider": {
        "reference": "Organization/PROV9065"
      },
      "priority": {
        "coding": [
          {
            "code": "urgent"
          }
        ]
      },
      "diagnosis": [
        {
          "sequence": 1,
          "diagnosisCodeableConcept": {
            "coding": [
              {
                "system": "http://hl7.org/fhir/sid/icd-10",
                "code": "I10"
              }
            ]
          }
        },
        {
          "sequence": 2,
          "diagnosisCodeableConcept": {
            "coding": [
              {
                "system": "http://hl7.org/fhir/sid/icd-10",
                "code": "E11.9"
              }
            ]
          }
        }
      ],
      "item": [
        {
          "sequence": 1,
          "productOrService": {
            "coding": [
              {
                "system": "http://www.ama-assn.org/go/cpt",
                "code": "36415"
              }
            ]
          },
          "modifier": [
            {
              "coding": [
                {
                  "system": "http://www.ama-assn.org/go/cpt",
                  "code": "RT"
                }
              ]
            }
          ],
          "dateOfService": "2023-06-19",
          "unitPrice": {
            "value": 75.00,
            "currency": "USD"
          }
        },
        {
          "sequence": 2,
          "productOrService": {
            "coding": [
              {
                "system": "http://www.ama-assn.org/go/cpt",
                "code": "80050"
              }
            ]
          },
          "modifier": [
            {
              "coding": [
                {
                  "system": "http://www.ama-assn.org/go/cpt",
                  "code": "RT"
                }
              ]
            }
          ],
          "dateOfService": "2023-06-19",
          "unitPrice": {
            "value": 75.00,
            "currency": "USD"
          }
        }
      ],
      "total": {
        "value": 150.00,
        "currency": "USD"
      }
    },
    "ncci_rule_info": {
      "modifier_indicator": "1"
    }
  },
  {
    "claim_id": "1000052",
    "response_id": null,
    "status": "pre-submission",
    "outcome": "pending",
    "denied": false,
    "denial_reasons": [],
    "has_prior_auth": false,
    "has_cob": true,
    "hcpcs_code": "G0444",
    "cpt_code": "99213",
    "procedure_codes": [
      "99213",
      "96372"
    ],
    "modifiers": "",
    "diagnosis_codes": [
      "J45.909",
      "Z00.00"
    ],
    "total_amount": 200.00,
    "raw_claim": {
      "resourceType": "Claim",
      "id": "1000052",
      "meta": {
        "versionId": "1",
        "lastUpdated": "2023-07-01T14:55:00.000+00:00",
        "source": "https://example.org/fhir/Claim"
      },
      "status": "draft",
      "type": {
        "coding": [
          {
            "system": "http://terminology.hl7.org/CodeSystem/claim-type",
            "code": "professional"
          }
        ]
      },
      "use": "claim",
      "patient": {
        "reference": "Patient/PT200052"
      },
      "created": "2023-06-30",
      "provider": {
        "reference": "Organization/PROV9066"
      },
      "priority": {
        "coding": [
          {
            "code": "normal"
          }
        ]
      },
      "diagnosis": [
        {
          "sequence": 1,
          "diagnosisCodeableConcept": {
            "coding": [
              {
                "system": "http://hl7.org/fhir/sid/icd-10",
                "code": "J45.909"
              }
            ]
          }
        },
        {
          "sequence": 2,
          "diagnosisCodeableConcept": {
            "coding": [
              {
                "system": "http://hl7.org/fhir/sid/icd-10",
                "code": "Z00.00"
              }
            ]
          }
        }
      ],
      "item": [
        {
          "sequence": 1,
          "productOrService": {
            "coding": [
              {
                "system": "http://www.ama-assn.org/go/cpt",
                "code": "99213"
              }
            ]
          },
          "modifier": [],
          "dateOfService": "2023-06-30",
          "unitPrice": {
            "value": 120.00,
            "currency": "USD"
          }
        },
        {
          "sequence": 2,
          "productOrService": {
            "coding": [
              {
                "system": "http://www.ama-assn.org/go/cpt",
                "code": "96372"
              }
            ]
          },
          "modifier": [],
          "dateOfService": "2023-06-30",
          "unitPrice": {
            "value": 80.00,
            "currency": "USD"
          }
        }
      ],
      "total": {
        "value": 200.00,
        "currency": "USD"
      }
    },
    "ncci_rule_info": {
      "modifier_indicator": ""
    }
  }
]