[
  {
    "claim_id": "1000100",
    "response_id": null,
    "status": "pre-submission",
    "outcome": "pending",
    "denied": false,
    "denial_reasons": [],
    "has_prior_auth": false,
    "has_cob": false,
    "hcpcs_code": "G0438",
    "cpt_code": "82534",
    "procedure_codes": [
      "0001A",
      "0591T"
    ],
    "modifiers": "1",
    "diagnosis_codes": [
      "W8719"
    ],
    "total_amount": 928.62,
    "raw_claim": {
      "resourceType": "Claim",
      "id": "1000100",
      "meta": {
        "versionId": "1",
        "lastUpdated": "2023-06-02T19:19:58.000+00:00",
        "source": "https://bluebutton.cms.gov/assets/ig/StructureDefinition-bluebutton-dme-claim.html"
      },
      "status": "draft",
      "type": {
        "coding": [
          {
            "system": "http://terminology.hl7.org/CodeSystem/claim-type",
            "code": "professional"
          }
        ]
      },
      "use": "claim",
      "patient": {
        "reference": "Patient/PT200050"
      },
      "created": "2023-04-17",
      "provider": {
        "reference": "Organization/PROV9064"
      },
      "priority": {
        "coding": [
          {
            "code": "normal"
          }
        ]
      },
      "diagnosis": [
        {
          "sequence": 1,
          "diagnosisCodeableConcept": {
            "coding": [
              {
                "system": "http://hl7.org/fhir/sid/icd-10",
                "code": "W8719"
              }
            ]
          }
        }
      ],
      "item": [
        {
          "sequence": 1,
          "productOrService": {
            "coding": [
              {
                "system": "http://www.ama-assn.org/go/cpt",
                "code": "0001A"
              }
            ]
          },
          "modifier": [
            {
              "coding": [
                {
                  "system": "http://www.ama-assn.org/go/cpt",
                  "code": "1"
                }
              ]
            }
          ],
          "DateOfService": "2023-06-17",
          "unitPrice": {
            "value": 464.31,
            "currency": "USD"
          }
        },
        {
          "sequence": 2,
          "productOrService": {
            "coding": [
              {
                "system": "http://www.ama-assn.org/go/cpt",
                "code": "0591T"
              }
            ]
          },
          "modifier": [
            {
              "coding": [
                {
                  "system": "http://www.ama-assn.org/go/cpt",
                  "code": "1"
                }
              ]
            }
          ],
          "DateOfService": "2023-06-17",
          "unitPrice": {
            "value": 464.31,
            "currency": "USD"
          }
        }
      ],
      "total": {
        "value": 928.62,
        "currency": "USD"
      }
    },
    "ncci_rule_info": {
      "modifier_indicator": "1"
    },
    "firstdateofservice": "2023-06-17",
    "lastdateofservice": "2023-06-17",
    "lengthofstay": 1,
    "billtypecode": "21",
    "dischargecode": "01"
  },
  {
    "claim_id": "1000001",
    "response_id": null,
    "status": "pre-submission",
    "outcome": "pending",
    "denied": false,
    "denial_reasons": [],
    "has_prior_auth": false,
    "has_cob": false,
    "hcpcs_code": "0KD8V",
    "cpt_code": "51642",
    "procedure_codes": [
      "0001A",
      "99281"
    ],
    "modifiers": "1",
    "diagnosis_codes": [
      "W7470"
    ],
    "total_amount": 561.48,
    "raw_claim": {
      "resourceType": "Claim",
      "id": "1000001",
      "meta": {
        "versionId": "1",
        "lastUpdated": "2023-09-28T22:05:31.000+00:00",
        "source": "https://bluebutton.cms.gov/assets/ig/StructureDefinition-bluebutton-dme-claim.html"
      },
      "status": "draft",
      "type": {
        "coding": [
          {
            "system": "http://terminology.hl7.org/CodeSystem/claim-type",
            "code": "professional"
          }
        ]
      },
      "use": "claim",
      "patient": {
        "reference": "Patient/PT200001"
      },
      "created": "2023-07-01",
      "provider": {
        "reference": "Organization/PROV5924"
      },
      "priority": {
        "coding": [
          {
            "code": "normal"
          }
        ]
      },
      "diagnosis": [
        {
          "sequence": 1,
          "diagnosisCodeableConcept": {
            "coding": [
              {
                "system": "http://hl7.org/fhir/sid/icd-10",
                "code": "W7470"
              }
            ]
          }
        }
      ],
      "item": [
        {
          "sequence": 1,
          "productOrService": {
            "coding": [
              {
                "system": "http://www.ama-assn.org/go/cpt",
                "code": "0001A"
              }
            ]
          },
          "modifier": [
            {
              "coding": [
                {
                  "system": "http://www.ama-assn.org/go/cpt",
                  "code": "1"
                }
              ]
            }
          ],
          "DateOfService": "2023-07-01",
          "unitPrice": {
            "value": 280.74,
            "currency": "USD"
          }
        },
        {
          "sequence": 2,
          "productOrService": {
            "coding": [
              {
                "system": "http://www.ama-assn.org/go/cpt",
                "code": "99281"
              }
            ]
          },
          "modifier": [
            {
              "coding": [
                {
                  "system": "http://www.ama-assn.org/go/cpt",
                  "code": "1"
                }
              ]
            }
          ],
          "DateOfService": "2023-07-01",
          "unitPrice": {
            "value": 280.74,
            "currency": "USD"
          }
        }
      ],
      "total": {
        "value": 561.48,
        "currency": "USD"
      }
    },
    "ncci_rule_info": {
      "modifier_indicator": "1"
    },
    "firstdateofservice": "2023-07-01",
    "lastdateofservice": "2023-07-01",
    "lengthofstay": 1,
    "billtypecode": "32",
    "dischargecode": "02"
  },
  {
    "claim_id": "1000017",
    "response_id": null,
    "status": "pre-submission",
    "outcome": "pending",
    "denied": false,
    "denial_reasons": [],
    "has_prior_auth": false,
    "has_cob": false,
    "hcpcs_code": "RRNXG",
    "cpt_code": "15047",
    "procedure_codes": [
      "0002M",
      "80053"
    ],
    "modifiers": "0",
    "diagnosis_codes": [
      "W9122",
      "W2360"
    ],
    "total_amount": 413.69,
    "raw_claim": {
      "resourceType": "Claim",
      "id": "1000017",
      "meta": {
        "versionId": "1",
        "lastUpdated": "2023-04-04T12:42:06.000+00:00",
        "source": "https://bluebutton.cms.gov/assets/ig/StructureDefinition-bluebutton-dme-claim.html"
      },
      "status": "draft",
      "type": {
        "coding": [
          {
            "system": "http://terminology.hl7.org/CodeSystem/claim-type",
            "code": "professional"
          }
        ]
      },
      "use": "claim",
      "patient": {
        "reference": "Patient/PT200017"
      },
      "created": "2023-09-22",
      "provider": {
        "reference": "Organization/PROV8091"
      },
      "priority": {
        "coding": [
          {
            "code": "normal"
          }
        ]
      },
      "diagnosis": [
        {
          "sequence": 1,
          "diagnosisCodeableConcept": {
            "coding": [
              {
                "system": "http://hl7.org/fhir/sid/icd-10",
                "code": "W9122"
              }
            ]
          }
        },
        {
          "sequence": 2,
          "diagnosisCodeableConcept": {
            "coding": [
              {
                "system": "http://hl7.org/fhir/sid/icd-10",
                "code": "W2360"
              }
            ]
          }
        }
      ],
      "item": [
        {
          "sequence": 1,
          "productOrService": {
            "coding": [
              {
                "system": "http://www.ama-assn.org/go/cpt",
                "code": "0002M"
              }
            ]
          },
          "modifier": [
            {
              "coding": [
                {
                  "system": "http://www.ama-assn.org/go/cpt",
                  "code": "0"
                }
              ]
            }
          ],
          "DateOfService": "2023-09-22",
          "unitPrice": {
            "value": 206.84,
            "currency": "USD"
          }
        },
        {
          "sequence": 2,
          "productOrService": {
            "coding": [
              {
                "system": "http://www.ama-assn.org/go/cpt",
                "code": "80053"
              }
            ]
          },
          "modifier": [
            {
              "coding": [
                {
                  "system": "http://www.ama-assn.org/go/cpt",
                  "code": "0"
                }
              ]
            }
          ],
          "DateOfService": "2023-09-22",
          "unitPrice": {
            "value": 206.84,
            "currency": "USD"
          }
        }
      ],
      "total": {
        "value": 413.69,
        "currency": "USD"
      }
    },
    "ncci_rule_info": {
      "modifier_indicator": "0"
    },
    "firstdateofservice": "2023-09-22",
    "lastdateofservice": "2023-09-22",
    "lengthofstay": 1,
    "billtypecode": "32",
    "dischargecode": "01"
  },
  {
    "claim_id": "1000022",
    "response_id": null,
    "status": "pre-submission",
    "outcome": "pending",
    "denied": false,
    "denial_reasons": [],
    "has_prior_auth": false,
    "has_cob": false,
    "hcpcs_code": "L1IXC",
    "cpt_code": "48030",
    "procedure_codes": [
      "0001A",
      "90473"
    ],
    "modifiers": "9",
    "diagnosis_codes": [
      "W5171"
    ],
    "total_amount": 1084.04,
    "raw_claim": {
      "resourceType": "Claim",
      "id": "1000022",
      "meta": {
        "versionId": "1",
        "lastUpdated": "2023-03-22T11:13:25.000+00:00",
        "source": "https://bluebutton.cms.gov/assets/ig/StructureDefinition-bluebutton-dme-claim.html"
      },
      "status": "draft",
      "type": {
        "coding": [
          {
            "system": "http://terminology.hl7.org/CodeSystem/claim-type",
            "code": "professional"
          }
        ]
      },
      "use": "claim",
      "patient": {
        "reference": "Patient/PT200022"
      },
      "created": "2023-07-16",
      "provider": {
        "reference": "Organization/PROV1094"
      },
      "priority": {
        "coding": [
          {
            "code": "normal"
          }
        ]
      },
      "diagnosis": [
        {
          "sequence": 1,
          "diagnosisCodeableConcept": {
            "coding": [
              {
                "system": "http://hl7.org/fhir/sid/icd-10",
                "code": "W5171"
              }
            ]
          }
        }
      ],
      "item": [
        {
          "sequence": 1,
          "productOrService": {
            "coding": [
              {
                "system": "http://www.ama-assn.org/go/cpt",
                "code": "0001A"
              }
            ]
          },
          "modifier": [
            {
              "coding": [
                {
                  "system": "http://www.ama-assn.org/go/cpt",
                  "code": "9"
                }
              ]
            }
          ],
          "DateOfService": "2023-07-16",
          "unitPrice": {
            "value": 542.02,
            "currency": "USD"
          }
        },
        {
          "sequence": 2,
          "productOrService": {
            "coding": [
              {
                "system": "http://www.ama-assn.org/go/cpt",
                "code": "90473"
              }
            ]
          },
          "modifier": [
            {
              "coding": [
                {
                  "system": "http://www.ama-assn.org/go/cpt",
                  "code": "9"
                }
              ]
            }
          ],
          "DateOfService": "2023-07-16",
          "unitPrice": {
            "value": 542.02,
            "currency": "USD"
          }
        }
      ],
      "total": {
        "value": 1084.04,
        "currency": "USD"
      }
    },
    "ncci_rule_info": {
      "modifier_indicator": "9"
    },
    "firstdateofservice": "2023-07-16",
    "lastdateofservice": "2023-07-19",
    "lengthofstay": 4,
    "billtypecode": "111",
    "dischargecode": "03"
  },
  {
    "claim_id": "1000014",
    "response_id": null,
    "status": "pre-submission",
    "outcome": "pending",
    "denied": false,
    "denial_reasons": [],
    "has_prior_auth": false,
    "has_cob": false,
    "hcpcs_code": "CDLXA",
    "cpt_code": "95984",
    "procedure_codes": [
      "0001A",
      "99408"
    ],
    "modifiers": "1",
    "diagnosis_codes": [
      "W6339",
      "W9461"
    ],
    "total_amount": 855.52,
    "raw_claim": {
      "resourceType": "Claim",
      "id": "1000014",
      "meta": {
        "versionId": "1",
        "lastUpdated": "2023-02-12T14:00:32.000+00:00",
        "source": "https://bluebutton.cms.gov/assets/ig/StructureDefinition-bluebutton-dme-claim.html"
      },
      "status": "draft",
      "type": {
        "coding": [
          {
            "system": "http://terminology.hl7.org/CodeSystem/claim-type",
            "code": "professional"
          }
        ]
      },
      "use": "claim",
      "patient": {
        "reference": "Patient/PT200014"
      },
      "created": "2023-01-28",
      "provider": {
        "reference": "Organization/PROV3726"
      },
      "priority": {
        "coding": [
          {
            "code": "normal"
          }
        ]
      },
      "diagnosis": [
        {
          "sequence": 1,
          "diagnosisCodeableConcept": {
            "coding": [
              {
                "system": "http://hl7.org/fhir/sid/icd-10",
                "code": "W6339"
              }
            ]
          }
        },
        {
          "sequence": 2,
          "diagnosisCodeableConcept": {
            "coding": [
              {
                "system": "http://hl7.org/fhir/sid/icd-10",
                "code": "W9461"
              }
            ]
          }
        }
      ],
      "item": [
        {
          "sequence": 1,
          "productOrService": {
            "coding": [
              {
                "system": "http://www.ama-assn.org/go/cpt",
                "code": "0001A"
              }
            ]
          },
          "modifier": [
            {
              "coding": [
                {
                  "system": "http://www.ama-assn.org/go/cpt",
                  "code": "1"
                }
              ]
            }
          ],
          "DateOfService": "2023-01-28",
          "unitPrice": {
            "value": 427.76,
            "currency": "USD"
          }
        },
        {
          "sequence": 2,
          "productOrService": {
            "coding": [
              {
                "system": "http://www.ama-assn.org/go/cpt",
                "code": "99408"
              }
            ]
          },
          "modifier": [
            {
              "coding": [
                {
                  "system": "http://www.ama-assn.org/go/cpt",
                  "code": "1"
                }
              ]
            }
          ],
          "DateOfService": "2023-01-28",
          "unitPrice": {
            "value": 427.76,
            "currency": "USD"
          }
        }
      ],
      "total": {
        "value": 855.52,
        "currency": "USD"
      }
    },
    "ncci_rule_info": {
      "modifier_indicator": "1"
    },
    "firstdateofservice": "2023-01-28",
    "lastdateofservice": "2023-02-01",
    "lengthofstay": 5,
    "billtypecode": "111",
    "dischargecode": "01"
  },
  {
    "claim_id": "1000015",
    "response_id": null,
    "status": "pre-submission",
    "outcome": "pending",
    "denied": false,
    "denial_reasons": [],
    "has_prior_auth": false,
    "has_cob": false,
    "hcpcs_code": "HTOG2",
    "cpt_code": "39688",
    "procedure_codes": [
      "0001M",
      "84460"
    ],
    "modifiers": "0",
    "diagnosis_codes": [
      "W4465",
      "W2527"
    ],
    "total_amount": 237.75,
    "raw_claim": {
      "resourceType": "Claim",
      "id": "1000014",
      "meta": {
        "versionId": "1",
        "lastUpdated": "2023-09-28T13:32:19.000+00:00",
        "source": "https://bluebutton.cms.gov/assets/ig/StructureDefinition-bluebutton-dme-claim.html"
      },
      "status": "draft",
      "type": {
        "coding": [
          {
            "system": "http://terminology.hl7.org/CodeSystem/claim-type",
            "code": "professional"
          }
        ]
      },
      "use": "claim",
      "patient": {
        "reference": "Patient/PT200014"
      },
      "created": "2023-07-15",
      "provider": {
        "reference": "Organization/PROV2825"
      },
      "priority": {
        "coding": [
          {
            "code": "normal"
          }
        ]
      },
      "diagnosis": [
        {
          "sequence": 1,
          "diagnosisCodeableConcept": {
            "coding": [
              {
                "system": "http://hl7.org/fhir/sid/icd-10",
                "code": "W4465"
              }
            ]
          }
        },
        {
          "sequence": 2,
          "diagnosisCodeableConcept": {
            "coding": [
              {
                "system": "http://hl7.org/fhir/sid/icd-10",
                "code": "W2527"
              }
            ]
          }
        }
      ],
      "item": [
        {
          "sequence": 1,
          "productOrService": {
            "coding": [
              {
                "system": "http://www.ama-assn.org/go/cpt",
                "code": "0001M"
              }
            ]
          },
          "modifier": [
            {
              "coding": [
                {
                  "system": "http://www.ama-assn.org/go/cpt",
                  "code": "0"
                }
              ]
            }
          ],
          "DateOfService": "2023-07-15",
          "unitPrice": {
            "value": 118.88,
            "currency": "USD"
          }
        },
        {
          "sequence": 2,
          "productOrService": {
            "coding": [
              {
                "system": "http://www.ama-assn.org/go/cpt",
                "code": "84460"
              }
            ]
          },
          "modifier": [
            {
              "coding": [
                {
                  "system": "http://www.ama-assn.org/go/cpt",
                  "code": "0"
                }
              ]
            }
          ],
          "DateOfService": "2023-07-15",
          "unitPrice": {
            "value": 118.88,
            "currency": "USD"
          }
        }
      ],
      "total": {
        "value": 237.75,
        "currency": "USD"
      }
    },
    "ncci_rule_info": {
      "modifier_indicator": "0"
    },
    "firstdateofservice": "2023-02-02",
    "lastdateofservice": "2023-02-05",
    "lengthofstay": 4,
    "billtypecode": "21",
    "dischargecode": "01"
  }
]
